<!DOCTYPE book
PUBLIC "-//OASIS//DTD DocBook XML V4.1.2//EN"
"http://www.oasis-open.org/docbook/xml/4.1.2/docbookx.dtd" [
<!ENTITY common.xml SYSTEM "common/common.xml" NDATA SGML>
<!ENTITY refentry.xml SYSTEM "refentry/refentry.xml" NDATA SGML>
<!ENTITY lib.xml SYSTEM "../lib/lib.xml" NDATA SGML>
<!ENTITY html-param.xml SYSTEM "html/docparam.xml" NDATA SGML>
<!ENTITY fo-param.xml SYSTEM "fo/docparam.xml" NDATA SGML>
<!ENTITY fo-table.xml SYSTEM "fo/table.xml" NDATA SGML>
<!ENTITY manpages-param.xml SYSTEM "manpages/docparam.xml" NDATA SGML>
<!ENTITY roundtrip-param.xml SYSTEM "roundtrip/docparam.xml" NDATA SGML>
<!ENTITY slides-param.xml SYSTEM "slides/docparam.xml" NDATA SGML>
<!ENTITY website-param.xml SYSTEM "website/docparam.xml" NDATA SGML>
<!ENTITY titlepage.xml SYSTEM "template/titlepage.xml" NDATA SGML>
<!ENTITY pi.xml SYSTEM "pi/pi.xml" NDATA SGML>
]>
<book>
  <bookinfo>
    <title>DocBook XSL Stylesheet Reference Documentation</title>
    <releaseinfo role="meta">
      $Id: reference.xml 6508 2007-01-18 02:53:06Z xmldoc $
    </releaseinfo>
    <author><surname>Walsh</surname>
    <firstname>Norman</firstname></author>
    <copyright><year>1999</year><year>2006</year>
    <holder>Norman Walsh</holder>
    </copyright>
  </bookinfo>

  <preface id="about">
    <title>About this document</title>

  <para>This is generated reference documentation for the DocBook XSL
  stylesheets, primarily documentation on the parameters you can
  adjust to control the behavior of the stylesheets.</para>
  
  <note>
    <para>This is purely reference documentation&#xa0;– not how-to
    documentation. For a thorough step-by-step how-to guide to
    publishing content using the DocBook XSL stylesheets, see Bob
    Stayton’s <ulink
    url="http://www.sagehill.net/book-description.html" >DocBook
    XSL: The Complete Guide</ulink>, available online at <ulink
    url="http://www.sagehill.net/docbookxsl/index.html"
    >http://www.sagehill.net/docbookxsl/index.html</ulink></para>
  </note>

  <para>This document is divided into two sets of references: the
  first set provides user documentation; the second, developer
  documentation.</para>

    <itemizedlist>
    <title>User documentation</title>
      <listitem><para><olink type="title" localinfo="html/index.html"
      targetdocent="html-param.xml"/></para>
      </listitem>
      <listitem><para><olink type="title" localinfo="fo/index.html"
      targetdocent="fo-param.xml"/></para>
      </listitem>
      <listitem><para><olink type="title" localinfo="manpages/index.html"
      targetdocent="manpages-param.xml"/></para>
      </listitem>
      <listitem><para><olink type="title" localinfo="roundtrip/index.html"
      targetdocent="roundtrip-param.xml"/></para>
      </listitem>
      <listitem><para><olink type="title" localinfo="slides/index.html"
      targetdocent="slides-param.xml"/></para>
      </listitem>
      <listitem><para><olink type="title" localinfo="website/index.html"
      targetdocent="website-param.xml"/></para>
      </listitem>
      <listitem><para><olink type="title" localinfo="pi/index.html"
      targetdocent="pi.xml"/></para>
      </listitem>
    </itemizedlist>

    <itemizedlist>
    <title>Developer documentation</title>
      <listitem><para><olink type="title" localinfo="lib/lib.html"
      targetdocent="lib.xml"/></para>
      </listitem>
      <listitem><para><olink type="title" localinfo="common/common.html"
      targetdocent="common.xml"/></para>
      </listitem>
      <listitem><para><olink type="title" localinfo="refentry/refentry.html"
      targetdocent="refentry.xml"/></para>
      </listitem>
      <listitem><para><olink type="title" localinfo="fo/table.html"
      targetdocent="fo-table.xml"/></para>
      </listitem>
      <listitem><para><olink type="title" localinfo="template/titlepage.html"
      targetdocent="titlepage.xml"/></para>
      </listitem>
    </itemizedlist>
</preface>
</book>

