<refentry xmlns:src="http://nwalsh.com/xmlns/litprog/fragment"
          xmlns:xsl="http://www.w3.org/1999/XSL/Transform"
          id="para.propagates.style">
<refmeta>
<refentrytitle>para.propagates.style</refentrytitle>
<refmiscinfo role="type">boolean</refmiscinfo>
</refmeta>
<refnamediv>
<refname>para.propagates.style</refname>
<refpurpose>Pass para role attribute through to HTML?</refpurpose>
</refnamediv>

<refsynopsisdiv>
<src:fragment id='para.propagates.style.frag'>
<xsl:param name="para.propagates.style" select="1"/>
</src:fragment>
</refsynopsisdiv>

<refsect1><title>Description</title>

<para>If true, the role attribute of <sgmltag>para</sgmltag> elements
will be passed through to the HTML as a class attribute on the
<sgmltag>p</sgmltag> generated for the paragraph.</para>

</refsect1>
</refentry>
