<refentry xmlns:src="http://nwalsh.com/xmlns/litprog/fragment"
          xmlns:xsl="http://www.w3.org/1999/XSL/Transform"
          id="section.title.level2.properties">
<refmeta>
<refentrytitle>section.title.level2.properties</refentrytitle>
<refmiscinfo role="type">attribute set</refmiscinfo>
</refmeta>
<refnamediv>
<refname>section.title.level2.properties</refname>
<refpurpose>Properties for level-1 section titles</refpurpose>
</refnamediv>

<refsynopsisdiv>
<src:fragment id='section.title.level2.properties.frag'>
<xsl:attribute-set name="section.title.level2.properties">
  <xsl:attribute name="font-size">
    <xsl:value-of select="$body.font.master * 1.728"/>
    <xsl:text>pt</xsl:text>
  </xsl:attribute>
</xsl:attribute-set>
</src:fragment>
</refsynopsisdiv>

<refsect1><title>Description</title>

<para>The properties of level-2 section titles.</para>

</refsect1>
</refentry>
