<refentry xmlns:src="http://nwalsh.com/xmlns/litprog/fragment"
          xmlns:xsl="http://www.w3.org/1999/XSL/Transform"
          id="table.cell.padding">
<refmeta>
<refentrytitle>table.cell.padding</refentrytitle>
<refmiscinfo role="type"></refmiscinfo>
</refmeta>
<refnamediv>
<refname>table.cell.padding</refname>
<refpurpose></refpurpose>
</refnamediv>

<refsynopsisdiv>
<src:fragment id='table.cell.padding.frag'>
<xsl:attribute-set name="table.cell.padding">
  <xsl:attribute name="padding-left">2pt</xsl:attribute>
  <xsl:attribute name="padding-right">2pt</xsl:attribute>
  <xsl:attribute name="padding-top">2pt</xsl:attribute>
  <xsl:attribute name="padding-bottom">2pt</xsl:attribute>
</xsl:attribute-set>
</src:fragment>
</refsynopsisdiv>

<refsect1><title>Description</title>

<para>FIXME:</para>

</refsect1>
</refentry>
