<refentry xmlns:src="http://nwalsh.com/xmlns/litprog/fragment"
          xmlns:xsl="http://www.w3.org/1999/XSL/Transform"
          id="toc.indent.width">
<refmeta>
<refentrytitle>toc.indent.width</refentrytitle>
<refmiscinfo role="type">float</refmiscinfo>
</refmeta>
<refnamediv>
<refname>toc.indent.width</refname>
<refpurpose>Amount of indentation for TOC entries</refpurpose>
</refnamediv>

<refsynopsisdiv>
<src:fragment id='toc.indent.width.frag'>
<xsl:param name="toc.indent.width" select="24"/>
</src:fragment>
</refsynopsisdiv>

<refsect1><title>Description</title>

<para>Specifies, in points, the distance by which each level of the
TOC is indented from its parent.</para>

<para>This value is expressed in points, without
a unit (in other words, it is a bare number). Using a bare number allows the stylesheet
to perform calculations that would otherwise have to be performed by the FO processor
because not all processors support expressions.</para>

</refsect1>
</refentry>
