<refentry xmlns:src="http://nwalsh.com/xmlns/litprog/fragment"
          xmlns:xsl="http://www.w3.org/1999/XSL/Transform"
          id="xref.title-page.separator">
<refmeta>
<refentrytitle>xref.title-page.separator</refentrytitle>
<refmiscinfo role="type">string</refmiscinfo>
</refmeta>
<refnamediv>
<refname>xref.title-page.separator</refname>
<refpurpose>Punctuation or space separating title from page number in xref</refpurpose>
</refnamediv>

<refsynopsisdiv>
<src:fragment id='xref.title-page.separator.frag'><xsl:param name="xref.title-page.separator"><xsl:text> </xsl:text></xsl:param></src:fragment>
</refsynopsisdiv>

<refsect1><title>Description</title>

<para>
This parameter allows you to control the punctuation of certain
types of generated cross reference text.
When cross reference text is generated for an 
<sgmltag class="element">xref</sgmltag> or 
<sgmltag class="element">olink</sgmltag> element
using an <sgmltag class="attribute">xrefstyle</sgmltag> attribute
that makes use of the <literal>select:</literal> feature,
and the selected components include both title and page number,
then the value of this parameter is inserted between
title and page number in the output.  
</para>

</refsect1>
</refentry>
