<?xml version="1.0" encoding="utf-8"?>
<!DOCTYPE book
  PUBLIC "-//OASIS//DTD DocBook XML V4.2//EN" "http://www.oasis-open.org/docbook/xml/4.2/docbookx.dtd">
<book>

  <bookinfo>
    <title>Roundtrip Parameter Reference</title>
    <releaseinfo role="meta">
      $Id: param.xweb 6510 2007-01-18 02:54:56Z xmldoc $
    </releaseinfo>
    <author>
      <surname>Ball</surname>
      <firstname>Steve</firstname>
    </author>
    <copyright>
      <year>2005</year>
      <year>2004</year>
      <holder>Steve Ball</holder>
    </copyright>
    <abstract>
      <para>This is reference documentation for all user-configurable
      parameters in the DocBook “Roundtrip” Stylesheets (for
      transforming DocBook to WordML, OpenDocument, and Apple Pages,
      and for converting from those formats back to DocBook).</para>
    </abstract>
  </bookinfo>

  <reference id="params">
  <title>Parameters</title>
<refentry id="wordml.template">
<refmeta>
<refentrytitle>wordml.template</refentrytitle>
</refmeta>
<refnamediv>
<refname>wordml.template</refname>
<refpurpose>Specify the template WordML document</refpurpose>
</refnamediv>

<refsynopsisdiv>
<programlisting id="wordml.template.frag">
&lt;xsl:param name="wordml.template" select="''"&gt;&lt;/xsl:param&gt;
</programlisting>
</refsynopsisdiv>

<refsect1><title>Description</title>

<para>The <parameter>wordml.template</parameter> parameter specifies a WordML document to use as a template for the generated document.  The template document is used to define the (extensive) headers for the generated document, in particular the paragraph and character styles that are used to format the various elements.  Any content in the template document is ignored.</para>

<para>A template document is used in order to allow maintenance of the paragraph and character styles to be done using Word itself, rather than these XSL stylesheets.</para>

</refsect1>
</refentry>

<refentry id="pages.template">
<refmeta>
<refentrytitle>pages.template</refentrytitle>
</refmeta>
<refnamediv>
<refname>pages.template</refname>
<refpurpose>Specify the template Pages document</refpurpose>
</refnamediv>

<refsynopsisdiv>
<programlisting id="pages.template.frag">
&lt;xsl:param name="pages.template" select="''"&gt;&lt;/xsl:param&gt;
</programlisting>
</refsynopsisdiv>

<refsect1><title>Description</title>

<para>The <parameter>pages.template</parameter> parameter specifies a Pages (the Apple word processing application) document to use as a template for the generated document.  The template document is used to define the (extensive) headers for the generated document, in particular the paragraph and character styles that are used to format the various elements.  Any content in the template document is ignored.</para>

<para>A template document is used in order to allow maintenance of the paragraph and character styles to be done using Pages itself, rather than these XSL stylesheets.</para>

</refsect1>
</refentry>

  </reference>
  <appendix id="stylesheet">
    <title>The Stylesheet</title>

    <para>The <filename>param.xsl</filename> stylesheet is just a wrapper around all of these parameters.</para>

    <programlisting id="top">
&lt;xsl:stylesheet exclude-result-prefixes="src" version="1.0"&gt;

&lt;!-- This file is generated from param.xweb; do not edit this file! --&gt;

&lt;!-- ********************************************************************
     $Id: param.xweb 6510 2007-01-18 02:54:56Z xmldoc $
     ********************************************************************

     This file is part of the XSL DocBook Stylesheet distribution.
     See ../README or http://nwalsh.com/docbook/xsl/ for copyright
     and other information.

     ******************************************************************** --&gt;

&lt;src:fragref linkend="wordml.template.frag"&gt;&lt;/src:fragref&gt;
&lt;src:fragref linkend="pages.template.frag"&gt;&lt;/src:fragref&gt;
&lt;/xsl:stylesheet&gt;
    </programlisting>

  </appendix>
</book>