<?xml version="1.0" encoding="utf-8"?>
<article>
<title>Changes since the 1.71.1 release</title>
<sect1 xml:id="V1.72.0">
<title>Release: 1.72.0</title>
<para>The following is a list of changes that have been made
        since the 1.71.1 release.</para>

<sect2 xml:id="V1.72.0_Common">
<title>Common</title>
<para>The following changes have been made to the
            <filename>common</filename> code
            since the 1.71.1 release.</para>
<itemizedlist>
<listitem>
<literallayout><phrase role="commit-message">Add empty template for <tag>sidebar</tag> in label.markup mode.<alt>M: /trunk/xsl/common/labels.xsl - Robert Stayton</alt></phrase></literallayout>
</listitem>
<listitem>
<literallayout><phrase role="commit-message">Add utility template tabstyle to return the tabstyle from
any <tag>table</tag> element.<alt>M: /trunk/xsl/common/table.xsl - Robert Stayton</alt></phrase></literallayout>
</listitem>
<listitem>
<literallayout><phrase role="commit-message">Add support for arabicindic numbering to autolabel.format template.<alt>M: /trunk/xsl/common/labels.xsl - Robert Stayton</alt></phrase></literallayout>
</listitem>
<listitem>
<literallayout><phrase role="commit-message">Moved the <tag>index</tag> entity declarations to a separate common file.<alt>A: /trunk/xsl/common/entities.ent - Robert Stayton</alt></phrase></literallayout>
</listitem>
<listitem>
<literallayout><phrase role="commit-message">Add title.markup mode for <tag>glossdiv</tag> to support <tag>info</tag>/<tag>title</tag>.<alt>M: /trunk/xsl/common/titles.xsl - Robert Stayton</alt></phrase></literallayout>
</listitem>
<listitem>
<literallayout><phrase role="commit-message">Remove link.title.attribute, replaced in html/html.xsl<alt>M: /trunk/xsl/common/gentext.xsl - Robert Stayton</alt></phrase></literallayout>
</listitem>
<listitem>
<literallayout><phrase role="commit-message">Fixed typo in xsl:with-param<alt>M: /trunk/xsl/common/l10n.xsl - Norman Walsh</alt></phrase></literallayout>
</listitem>
<listitem>
<literallayout><phrase role="commit-message">Use number() in some comparisons to ensure number data type.<alt>M: /trunk/xsl/common/table.xsl - Robert Stayton</alt></phrase></literallayout>
</listitem>
<listitem>
<literallayout><phrase role="commit-message">Fix bug #1596737 extra white space introduced by <tag>olink</tag>.
Now output indent="no" for target data.<alt>M: /trunk/xsl/common/targets.xsl - Robert Stayton</alt></phrase></literallayout>
</listitem>
<listitem>
<literallayout><phrase role="commit-message">Use copy-of instead of value-of for xreftext to preserve markup.<alt>M: /trunk/xsl/common/olink.xsl - Robert Stayton</alt></phrase></literallayout>
</listitem>
<listitem>
<literallayout><phrase role="commit-message">Add template link.title.attribute.<alt>M: /trunk/xsl/common/gentext.xsl - Robert Stayton</alt></phrase></literallayout>
</listitem>
<listitem>
<literallayout><phrase role="commit-message">Modify gentext.template to respect parameter verbose = 0.
Modify gentext.template.exists to use gentext.template with verbose = 0.<alt>M: /trunk/xsl/common/l10n.xsl - Robert Stayton</alt></phrase></literallayout>
</listitem>
<listitem>
<literallayout><phrase role="commit-message">Finish support for @xml:id everywhere @id is used.<alt>M: /trunk/xsl/common/gentext.xsl; M: /trunk/xsl/common/titles.xsl - Robert Stayton</alt></phrase></literallayout>
</listitem>
<listitem>
<literallayout><phrase role="commit-message">replace name() with local-name() in most cases.<alt>M: /trunk/xsl/common/l10n.xsl; M: /trunk/xsl/common/olink.xsl; M: /trunk/xsl/common/subtitles.xsl; M: /trunk/xsl/common/labels.xsl; M: /trunk/xsl/common/titles.xsl; M: /trunk/xsl/common/common.xsl - Robert Stayton</alt></phrase></literallayout>
</listitem>
<listitem>
<literallayout><phrase role="commit-message">Add support for <tag>info</tag>.<alt>M: /trunk/xsl/common/subtitles.xsl; M: /trunk/xsl/common/labels.xsl; M: /trunk/xsl/common/titles.xsl; M: /trunk/xsl/common/common.xsl; M: /trunk/xsl/common/targets.xsl - Robert Stayton</alt></phrase></literallayout>
</listitem>
<listitem>
<literallayout><phrase role="commit-message">Fixed add-xml-base for Windows and Xalan case.<alt>M: /trunk/xsl/common/stripns.xsl - Robert Stayton</alt></phrase></literallayout>
</listitem>
<listitem>
<literallayout><phrase role="commit-message">Added NodeInfo prefix to list of exclude-result-prefixes<alt>M: /trunk/xsl/common/stripns.xsl - Robert Stayton</alt></phrase></literallayout>
</listitem>
</itemizedlist>
</sect2><!--end of Common changes for 1.72.0-->

<sect2 xml:id="V1.72.0_FO">
<title>FO</title>
<para>The following changes have been made to the
            <filename>fo</filename> code
            since the 1.71.1 release.</para>
<itemizedlist>
<listitem>
<literallayout><phrase role="commit-message">Added index.page.number.properties attribute set to the set of
<tag>reference</tag> documentation for the FO stylesheets.<alt>M: /trunk/xsl/fo/param.xweb; M: /trunk/xsl/fo/param.ent - Michael(tm) Smith</alt></phrase></literallayout>
</listitem>
<listitem>
<literallayout><phrase role="commit-message">Changed VERSION file to include distro <tag>title</tag> (DocBook XSL
Stylesheets), and updated HTML, FO, and manpages stylesheets to
use that in their metadata sections (e.g., in HTML, the
&lt;meta name="generator" ...&gt; contents).<alt>M: /trunk/xsl/fo/xep.xsl - Michael(tm) Smith</alt></phrase></literallayout>
</listitem>
<listitem>
<literallayout><phrase role="commit-message">Remove duplicate <tag>orgname</tag> template.
Switch org templates to using inline.charseq which
handles simple.xlink.<alt>M: /trunk/xsl/fo/inline.xsl - Robert Stayton</alt></phrase></literallayout>
</listitem>
<listitem>
<literallayout><phrase role="commit-message">Add index.page.number.properties attribute-set to format page numbers.<alt>M: /trunk/xsl/fo/autoidx.xsl - Robert Stayton</alt></phrase></literallayout>
</listitem>
<listitem>
<literallayout><phrase role="commit-message">Pass the toc-context down to the toc.line template.<alt>M: /trunk/xsl/fo/autotoc.xsl - Robert Stayton</alt></phrase></literallayout>
</listitem>
<listitem>
<literallayout><phrase role="commit-message">Fixed bug in use of isogen key.<alt>M: /trunk/xsl/fo/autoidx-kimber.xsl - Robert Stayton</alt></phrase></literallayout>
</listitem>
<listitem>
<literallayout><phrase role="commit-message">Add support for crop marks in Antenna House.<alt>M: /trunk/xsl/fo/axf.xsl; M: /trunk/xsl/fo/pagesetup.xsl - Robert Stayton</alt></phrase></literallayout>
</listitem>
<listitem>
<literallayout><phrase role="commit-message">Obsolete now that <tag>info</tag> is supported.<alt>D: /trunk/xsl/fo/docbookng.xsl - Robert Stayton</alt></phrase></literallayout>
</listitem>
<listitem>
<literallayout><phrase role="commit-message">Move show-destination="replace" property from template to attribute-set
so it can be customized.<alt>M: /trunk/xsl/fo/xref.xsl - Robert Stayton</alt></phrase></literallayout>
</listitem>
<listitem>
<literallayout><phrase role="commit-message">Add table.row.properties template to customize <tag>table</tag> rows.<alt>M: /trunk/xsl/fo/table.xsl - Robert Stayton</alt></phrase></literallayout>
</listitem>
<listitem>
<literallayout><phrase role="commit-message">Moved the entities declarations to a separate common file.<alt>M: /trunk/xsl/fo/autoidx.xsl - Robert Stayton</alt></phrase></literallayout>
</listitem>
<listitem>
<literallayout><phrase role="commit-message">Add support for sorting <tag>glossary</tag> entries<alt>M: /trunk/xsl/fo/param.xweb; M: /trunk/xsl/fo/param.ent; M: /trunk/xsl/fo/glossary.xsl - Robert Stayton</alt></phrase></literallayout>
</listitem>
<listitem>
<literallayout><phrase role="commit-message">Remove obsolete dobookng.xsl, since <tag>info</tag> now supported.<alt>M: /trunk/xsl/fo/docbook.xsl - Robert Stayton</alt></phrase></literallayout>
</listitem>
<listitem>
<literallayout><phrase role="commit-message">Fix bug #1614469 for <tag>citation</tag> linking to <tag>biblioentry</tag>.<alt>M: /trunk/xsl/fo/inline.xsl - Robert Stayton</alt></phrase></literallayout>
</listitem>
<listitem>
<literallayout><phrase role="commit-message">Moved all properties to attribute-sets so can be customized more easily.<alt>M: /trunk/xsl/fo/verbatim.xsl - Robert Stayton</alt></phrase></literallayout>
</listitem>
<listitem>
<literallayout><phrase role="commit-message">Fixed bug #1603790: no space between package and <tag>classname</tag>.<alt>M: /trunk/xsl/fo/synop.xsl - Robert Stayton</alt></phrase></literallayout>
</listitem>
<listitem>
<literallayout><phrase role="commit-message">include stub file for annotations.xsl<alt>M: /trunk/xsl/fo/docbook.xsl - Robert Stayton</alt></phrase></literallayout>
</listitem>
<listitem>
<literallayout><phrase role="commit-message">Add simple.xlink processing to <tag>term</tag> and <tag>member</tag> elements.<alt>M: /trunk/xsl/fo/lists.xsl - Robert Stayton</alt></phrase></literallayout>
</listitem>
<listitem>
<literallayout><phrase role="commit-message">Initial checkin of file for <tag>annotation</tag> processing.<alt>A: /trunk/xsl/fo/annotations.xsl - Robert Stayton</alt></phrase></literallayout>
</listitem>
<listitem>
<literallayout><phrase role="commit-message">Some more inlines to use simple.xlink.<alt>M: /trunk/xsl/fo/inline.xsl - Robert Stayton</alt></phrase></literallayout>
</listitem>
<listitem>
<literallayout><phrase role="commit-message"><tag>xref</tag> now supports xlink:href, using simple.xlink template.<alt>M: /trunk/xsl/fo/xref.xsl - Robert Stayton</alt></phrase></literallayout>
</listitem>
<listitem>
<literallayout><phrase role="commit-message">modified <tag>link</tag> template to use simple.xlink now.<alt>M: /trunk/xsl/fo/inline.xsl; M: /trunk/xsl/fo/xref.xsl - Robert Stayton</alt></phrase></literallayout>
</listitem>
<listitem>
<literallayout><phrase role="commit-message">Use number() in some comparisons to ensure number data type.<alt>M: /trunk/xsl/fo/table.xsl - Robert Stayton</alt></phrase></literallayout>
</listitem>
<listitem>
<literallayout><phrase role="commit-message">Rewrote simple.xlink, and call it with all charseq templates.<alt>M: /trunk/xsl/fo/inline.xsl - Robert Stayton</alt></phrase></literallayout>
</listitem>
<listitem>
<literallayout><phrase role="commit-message">Finish support for @xml:id everywhere @id is used.<alt>M: /trunk/xsl/fo/inline.xsl; M: /trunk/xsl/fo/titlepage.xsl; M: /trunk/xsl/fo/biblio.xsl; M: /trunk/xsl/fo/callout.xsl; M: /trunk/xsl/fo/fop.xsl; M: /trunk/xsl/fo/xref.xsl; M: /trunk/xsl/fo/index.xsl; M: /trunk/xsl/fo/sections.xsl; M: /trunk/xsl/fo/block.xsl; M: /trunk/xsl/fo/autoidx.xsl - Robert Stayton</alt></phrase></literallayout>
</listitem>
<listitem>
<literallayout><phrase role="commit-message">replace name() with local-name() in most cases.<alt>M: /trunk/xsl/fo/admon.xsl; M: /trunk/xsl/fo/autotoc.xsl; M: /trunk/xsl/fo/inline.xsl; M: /trunk/xsl/fo/qandaset.xsl; M: /trunk/xsl/fo/synop.xsl; M: /trunk/xsl/fo/autoidx.xsl; M: /trunk/xsl/fo/pagesetup.xsl - Robert Stayton</alt></phrase></literallayout>
</listitem>
<listitem>
<literallayout><phrase role="commit-message">Add support for <tag>info</tag> element.<alt>M: /trunk/xsl/fo/lists.xsl; M: /trunk/xsl/fo/refentry.xsl; M: /trunk/xsl/fo/biblio.xsl; M: /trunk/xsl/fo/qandaset.xsl; M: /trunk/xsl/fo/component.xsl; M: /trunk/xsl/fo/glossary.xsl; M: /trunk/xsl/fo/index.xsl; M: /trunk/xsl/fo/sections.xsl; M: /trunk/xsl/fo/block.xsl - Robert Stayton</alt></phrase></literallayout>
</listitem>
<listitem>
<literallayout><phrase role="commit-message">support <tag>title</tag> in <tag>info</tag> too.<alt>M: /trunk/xsl/fo/admon.xsl - Robert Stayton</alt></phrase></literallayout>
</listitem>
</itemizedlist>
</sect2><!--end of FO changes for 1.72.0-->

<sect2 xml:id="V1.72.0_HTML">
<title>HTML</title>
<para>The following changes have been made to the
            <filename>html</filename> code
            since the 1.71.1 release.</para>
<itemizedlist>
<listitem>
<literallayout><phrase role="commit-message">Changed VERSION file to include distro <tag>title</tag> (DocBook XSL
Stylesheets), and updated HTML, FO, and manpages stylesheets to
use that in their metadata sections (e.g., in HTML, the
&lt;meta name="generator" ...&gt; contents).<alt>M: /trunk/xsl/html/docbook.xsl - Michael(tm) Smith</alt></phrase></literallayout>
</listitem>
<listitem>
<literallayout><phrase role="commit-message">Add support in <tag>imageobjectco</tag> for otherunits="imagemap" to allow
direct authoring of imagemap units.<alt>M: /trunk/xsl/html/graphics.xsl - Robert Stayton</alt></phrase></literallayout>
</listitem>
<listitem>
<literallayout><phrase role="commit-message">Use <tag>areaspec</tag> id as imagemap map name.<alt>M: /trunk/xsl/html/graphics.xsl - Robert Stayton</alt></phrase></literallayout>
</listitem>
<listitem>
<literallayout><phrase role="commit-message">Fixed imagemaps so they work properly going from calspair coords
to HTML <tag>area</tag> coords.<alt>M: /trunk/xsl/html/graphics.xsl - Robert Stayton</alt></phrase></literallayout>
</listitem>
<listitem>
<literallayout><phrase role="commit-message"><tag>qandaset</tag> was not outputting an <tag>anchor</tag> id, now it is.<alt>M: /trunk/xsl/html/qandaset.xsl - Robert Stayton</alt></phrase></literallayout>
</listitem>
<listitem>
<literallayout><phrase role="commit-message">Obsolete now that <tag>info</tag> is supported.<alt>D: /trunk/xsl/html/docbookng.xsl - Robert Stayton</alt></phrase></literallayout>
</listitem>
<listitem>
<literallayout><phrase role="commit-message">Moved the entities declarations to a separate common file.<alt>M: /trunk/xsl/html/autoidx.xsl - Robert Stayton</alt></phrase></literallayout>
</listitem>
<listitem>
<literallayout><phrase role="commit-message">Add support for sorting <tag>glossary</tag> entries<alt>M: /trunk/xsl/html/glossary.xsl - Robert Stayton</alt></phrase></literallayout>
</listitem>
<listitem>
<literallayout><phrase role="commit-message">Remove docbookng.xsl since <tag>info</tag> now supported.<alt>M: /trunk/xsl/html/docbook.xsl - Robert Stayton</alt></phrase></literallayout>
</listitem>
<listitem>
<literallayout><phrase role="commit-message">Add support for <parameter>qanda.in.toc</parameter> to add <tag>qandaentry</tag> questions to document <tag>TOC</tag>.<alt>M: /trunk/xsl/html/autotoc.xsl; M: /trunk/xsl/html/param.xweb; M: /trunk/xsl/html/param.ent - Robert Stayton</alt></phrase></literallayout>
</listitem>
<listitem>
<literallayout><phrase role="commit-message">Fix bug #1614469 for <tag>citation</tag> linking to <tag>biblioentry</tag>.<alt>M: /trunk/xsl/html/inline.xsl - Robert Stayton</alt></phrase></literallayout>
</listitem>
<listitem>
<literallayout><phrase role="commit-message">Fixed bug #1603790: no space between package and <tag>classname</tag>.<alt>M: /trunk/xsl/html/synop.xsl - Robert Stayton</alt></phrase></literallayout>
</listitem>
<listitem>
<literallayout><phrase role="commit-message">Fixed two next/prev bugs.<alt>M: /trunk/xsl/html/chunkfast.xsl - Robert Stayton</alt></phrase></literallayout>
</listitem>
<listitem>
<literallayout><phrase role="commit-message">*.propagates.style now handled in class.attribute mode.<alt>M: /trunk/xsl/html/inline.xsl; M: /trunk/xsl/html/lists.xsl; M: /trunk/xsl/html/table.xsl; M: /trunk/xsl/html/block.xsl; M: /trunk/xsl/html/footnote.xsl - Robert Stayton</alt></phrase></literallayout>
</listitem>
<listitem>
<literallayout><phrase role="commit-message">add simple.xlink support to <tag>variablelist</tag> <tag>term</tag> and <tag>simplelist</tag> <tag>member</tag>.<alt>M: /trunk/xsl/html/lists.xsl - Robert Stayton</alt></phrase></literallayout>
</listitem>
<listitem>
<literallayout><phrase role="commit-message">fix class attribute on sgmltag.<alt>M: /trunk/xsl/html/inline.xsl - Robert Stayton</alt></phrase></literallayout>
</listitem>
<listitem>
<literallayout><phrase role="commit-message">add class parameter to class.attribute mode to set default class.<alt>M: /trunk/xsl/html/html.xsl - Robert Stayton</alt></phrase></literallayout>
</listitem>
<listitem>
<literallayout><phrase role="commit-message">Convert all class attributes to use the class.attribute mode
so class names can be customized more easily.<alt>M: /trunk/xsl/html/titlepage.xsl; M: /trunk/xsl/html/chunk-code.xsl; M: /trunk/xsl/html/division.xsl; M: /trunk/xsl/html/sections.xsl; M: /trunk/xsl/html/math.xsl; M: /trunk/xsl/html/block.xsl; M: /trunk/xsl/html/info.xsl; M: /trunk/xsl/html/footnote.xsl; M: /trunk/xsl/html/lists.xsl; M: /trunk/xsl/html/admon.xsl; M: /trunk/xsl/html/refentry.xsl; M: /trunk/xsl/html/qandaset.xsl; M: /trunk/xsl/html/graphics.xsl; M: /trunk/xsl/html/biblio.xsl; M: /trunk/xsl/html/task.xsl; M: /trunk/xsl/html/component.xsl; M: /trunk/xsl/html/glossary.xsl; M: /trunk/xsl/html/callout.xsl; M: /trunk/xsl/html/index.xsl; M: /trunk/xsl/html/synop.xsl; M: /trunk/xsl/html/verbatim.xsl; M: /trunk/xsl/html/ebnf.xsl - Robert Stayton</alt></phrase></literallayout>
</listitem>
<listitem>
<literallayout><phrase role="commit-message">Add class.attribute mode to generate class attributes.<alt>M: /trunk/xsl/html/html.xsl - Robert Stayton</alt></phrase></literallayout>
</listitem>
<listitem>
<literallayout><phrase role="commit-message">Added simple.xlink to most remaining inlines.
Changed class attributes to applying class.attributes mode.<alt>M: /trunk/xsl/html/inline.xsl - Robert Stayton</alt></phrase></literallayout>
</listitem>
<listitem>
<literallayout><phrase role="commit-message">Changed <tag>xref</tag> template to use simple.xlink tempalte.<alt>M: /trunk/xsl/html/xref.xsl - Robert Stayton</alt></phrase></literallayout>
</listitem>
<listitem>
<literallayout><phrase role="commit-message">Improve generate.html.title to work with <tag>link</tag> targets too.<alt>M: /trunk/xsl/html/html.xsl - Robert Stayton</alt></phrase></literallayout>
</listitem>
<listitem>
<literallayout><phrase role="commit-message">Improved simple.xlink to support <tag>link</tag> and <tag>xref</tag>.<alt>M: /trunk/xsl/html/inline.xsl - Robert Stayton</alt></phrase></literallayout>
</listitem>
<listitem>
<literallayout><phrase role="commit-message">Use number() in some comparisons to ensure number data type.<alt>M: /trunk/xsl/html/table.xsl - Robert Stayton</alt></phrase></literallayout>
</listitem>
<listitem>
<literallayout><phrase role="commit-message">Convert <tag>link</tag> element template to use simple.xlink.<alt>M: /trunk/xsl/html/xref.xsl - Robert Stayton</alt></phrase></literallayout>
</listitem>
<listitem>
<literallayout><phrase role="commit-message">Improvements in simple.xlink.<alt>M: /trunk/xsl/html/inline.xsl - Robert Stayton</alt></phrase></literallayout>
</listitem>
<listitem>
<literallayout><phrase role="commit-message">Use new link.title.attribute now.<alt>M: /trunk/xsl/html/xref.xsl - Robert Stayton</alt></phrase></literallayout>
</listitem>
<listitem>
<literallayout><phrase role="commit-message">Rewrote simple.xlink to handle linkend also.
Better computation of <tag>title</tag> attribute on <tag>link</tag> too.<alt>M: /trunk/xsl/html/inline.xsl - Robert Stayton</alt></phrase></literallayout>
</listitem>
<listitem>
<literallayout><phrase role="commit-message">Fix syntax errors.<alt>M: /trunk/xsl/html/graphics.xsl; M: /trunk/xsl/html/xref.xsl - Robert Stayton</alt></phrase></literallayout>
</listitem>
<listitem>
<literallayout><phrase role="commit-message">Finish support for @xml:id everywhere @id is used.<alt>M: /trunk/xsl/html/inline.xsl; M: /trunk/xsl/html/formal.xsl; M: /trunk/xsl/html/chunk-code.xsl; M: /trunk/xsl/html/maketoc.xsl; M: /trunk/xsl/html/chunkfast.xsl; M: /trunk/xsl/html/table.xsl; M: /trunk/xsl/html/html-rtf.xsl; M: /trunk/xsl/html/annotations.xsl; M: /trunk/xsl/html/chunk-common.xsl; M: /trunk/xsl/html/chunker.xsl; M: /trunk/xsl/html/graphics.xsl; M: /trunk/xsl/html/biblio.xsl; M: /trunk/xsl/html/callout.xsl; M: /trunk/xsl/html/xref.xsl; M: /trunk/xsl/html/synop.xsl; M: /trunk/xsl/html/autoidx.xsl - Robert Stayton</alt></phrase></literallayout>
</listitem>
<listitem>
<literallayout><phrase role="commit-message">replace name() with local-name() in most cases.<alt>M: /trunk/xsl/html/inline.xsl; M: /trunk/xsl/html/titlepage.xsl; M: /trunk/xsl/html/division.xsl; M: /trunk/xsl/html/sections.xsl; M: /trunk/xsl/html/block.xsl; M: /trunk/xsl/html/info.xsl; M: /trunk/xsl/html/footnote.xsl; M: /trunk/xsl/html/refentry.xsl; M: /trunk/xsl/html/lists.xsl; M: /trunk/xsl/html/admon.xsl; M: /trunk/xsl/html/qandaset.xsl; M: /trunk/xsl/html/graphics.xsl; M: /trunk/xsl/html/biblio.xsl; M: /trunk/xsl/html/component.xsl; M: /trunk/xsl/html/task.xsl; M: /trunk/xsl/html/glossary.xsl; M: /trunk/xsl/html/callout.xsl; M: /trunk/xsl/html/xref.xsl; M: /trunk/xsl/html/index.xsl; M: /trunk/xsl/html/synop.xsl; M: /trunk/xsl/html/verbatim.xsl; M: /trunk/xsl/html/ebnf.xsl - Robert Stayton</alt></phrase></literallayout>
</listitem>
<listitem>
<literallayout><phrase role="commit-message">Handle Xalan quirk as special case.<alt>M: /trunk/xsl/html/db5strip.xsl - Robert Stayton</alt></phrase></literallayout>
</listitem>
<listitem>
<literallayout><phrase role="commit-message">Add support for <tag>info</tag>.<alt>M: /trunk/xsl/html/admon.xsl; M: /trunk/xsl/html/autotoc.xsl; M: /trunk/xsl/html/lists.xsl; M: /trunk/xsl/html/refentry.xsl; M: /trunk/xsl/html/biblio.xsl; M: /trunk/xsl/html/qandaset.xsl; M: /trunk/xsl/html/component.xsl; M: /trunk/xsl/html/glossary.xsl; M: /trunk/xsl/html/division.xsl; M: /trunk/xsl/html/index.xsl; M: /trunk/xsl/html/sections.xsl; M: /trunk/xsl/html/table.xsl; M: /trunk/xsl/html/block.xsl - Robert Stayton</alt></phrase></literallayout>
</listitem>
</itemizedlist>
</sect2><!--end of HTML changes for 1.72.0-->

<sect2 xml:id="V1.72.0_Manpages">
<title>Manpages</title>
<para>The following changes have been made to the
            <filename>manpages</filename> code
            since the 1.71.1 release.</para>
<itemizedlist>
<listitem>
<literallayout><phrase role="commit-message">Changed VERSION file to include distro <tag>title</tag> (DocBook XSL
Stylesheets), and updated HTML, FO, and manpages stylesheets to
use that in their metadata sections (e.g., in HTML, the
&lt;meta name="generator" ...&gt; contents).<alt>M: /trunk/xsl/manpages/other.xsl - Michael(tm) Smith</alt></phrase></literallayout>
</listitem>
<listitem>
<literallayout><phrase role="commit-message">Removed single-pass namespace stripping from manpages stylesheet.
To process DocBook 5 instances, either use the experimental
namespace-aware DocBook 5 XSL 1.0 stylesheets, or pre-process your
source to do the namespace stripping (two-pass processing).<alt>M: /trunk/xsl/manpages/docbook.xsl - Michael(tm) Smith</alt></phrase></literallayout>
</listitem>
<listitem>
<literallayout><phrase role="commit-message">Added doc for <parameter>man.output.lang.in.name.enabled</parameter> parameter. This
checkin completes support for writing file/pathnames for man-pages
with $lang include in the names. Closes #1585967. knightly
accolades to Daniel Leidert for providing the feature request.<alt>M: /trunk/xsl/manpages/param.xweb; M: /trunk/xsl/manpages/param.ent - Michael(tm) Smith</alt></phrase></literallayout>
</listitem>
<listitem>
<literallayout><phrase role="commit-message">Added new param <parameter>man.output.lang.in.name.enabled</parameter>, which
controls whether $LANG value is included in manpages
filenames and pathnames. It works like this:

If the value of <parameter>man.output.lang.in.name.enabled</parameter> is non-zero,
man-page files are output with the $lang value included in
their filenames or pathnames as follows;

- if <parameter>man.output.subdirs.enabled</parameter> is non-zero, each file is
  output to, e.g., a /$lang/man8/foo.8 pathname

- if <parameter>man.output.subdirs.enabled</parameter> is zero, each file is output
  with a foo.$lang.8 <tag>filename</tag><alt>M: /trunk/xsl/manpages/docbook.xsl; M: /trunk/xsl/manpages/other.xsl; M: /trunk/xsl/manpages/utility.xsl - Michael(tm) Smith</alt></phrase></literallayout>
</listitem>
<listitem>
<literallayout><phrase role="commit-message">Use "\e" instead of "\\" for backslash output, because the
groff docs say that's the correct thing to do; also because
testing (thanks, Paul Dubois) shows that "\\" doesn't always
work as expected; for example, "\\" within a <tag>table</tag> seems to
mess things up.<alt>M: /trunk/xsl/manpages/charmap.groff.xsl - Michael(tm) Smith</alt></phrase></literallayout>
</listitem>
<listitem>
<literallayout><phrase role="commit-message">Added the <parameter>man.string.subst.map.local.pre</parameter> and
<parameter>man.string.subst.map.local.post</parameter> parameters. Those parameters
enable local additions and changes to string-substitution mappings
without the need to change the value of <parameter>man.string.subst.map</parameter>
parameter (which is for standard system mappings). Closes
#1456738. Thanks to Sam Steingold for constructing a true
stylesheet torture test (the clisp docs) that exposed the need for
these params.<alt>M: /trunk/xsl/manpages/param.xweb; M: /trunk/xsl/manpages/param.ent; M: /trunk/xsl/manpages/other.xsl - Michael(tm) Smith</alt></phrase></literallayout>
</listitem>
<listitem>
<literallayout><phrase role="commit-message">Use U+2592 as an internal marker for linebreak around <tag>sbr</tag> output
(to prevent the break from getting eaten by some normalization
that the stylesheet does on synopses).
Use U+2580 as an internal marker for no-break space (to work
around a similar issue). Closes bug #1612808. Thanks to Simon
Walter for reporting it (the <tag>sbr</tag> bug).<alt>M: /trunk/xsl/manpages/table.xsl; M: /trunk/xsl/manpages/synop.xsl; M: /trunk/xsl/manpages/utility.xsl - Michael(tm) Smith</alt></phrase></literallayout>
</listitem>
<listitem>
<literallayout><phrase role="commit-message">Adjusted manpages stylesheet to use U+2593 as the internal
representation for the backslash character within the stylesheet.
This prevents backslashes in source content from getting eaten.
Closes #1609425. Thanks to Paul DuBois for reporting the bug.<alt>M: /trunk/xsl/manpages/table.xsl; M: /trunk/xsl/manpages/info.xsl; M: /trunk/xsl/manpages/lists.xsl; M: /trunk/xsl/manpages/refentry.xsl; M: /trunk/xsl/manpages/links.xsl; M: /trunk/xsl/manpages/other.xsl; M: /trunk/xsl/manpages/utility.xsl - Michael(tm) Smith</alt></phrase></literallayout>
</listitem>
<listitem>
<literallayout><phrase role="commit-message">Changed manpages stylesheet to always output a U+2591 character as
the internal representation of a dash. The string-substitution
map is then used to output a real dash when the final contents are
serialized. Also, made a change that causes dots and dashes in the
top comment to be unescaped.<alt>M: /trunk/xsl/manpages/table.xsl; M: /trunk/xsl/manpages/synop.xsl; M: /trunk/xsl/manpages/info.xsl; M: /trunk/xsl/manpages/lists.xsl; M: /trunk/xsl/manpages/other.xsl; M: /trunk/xsl/manpages/utility.xsl - Michael(tm) Smith</alt></phrase></literallayout>
</listitem>
<listitem>
<literallayout><phrase role="commit-message">Output newline after admonitions (Note, Warning, etc.)<alt>M: /trunk/xsl/manpages/block.xsl - Michael(tm) Smith</alt></phrase></literallayout>
</listitem>
<listitem>
<literallayout><phrase role="commit-message">Added the Markup element to the list of elements that get output
in bold. Thanks to Eric S. Raymond.<alt>M: /trunk/xsl/manpages/inline.xsl - Michael(tm) Smith</alt></phrase></literallayout>
</listitem>
<listitem>
<literallayout><phrase role="commit-message">Changed dot output to mark end of tbl(1) <tag>table</tag> format sections
(changed from real dot to internal U+2302 representation).<alt>M: /trunk/xsl/manpages/table.xsl; M: /trunk/xsl/manpages/lists.xsl - Michael(tm) Smith</alt></phrase></literallayout>
</listitem>
<listitem>
<literallayout><phrase role="commit-message">Replaced all dots in roff requests with U+2302 ("house"
character), and added escaping in output for all instances of dot
that are not in roff requests. This fixes the problem case where a
string beginning with a dot (for example, the string ".bashrc")
might occur at the beginning of a line in output, in which case 
would mistakenly get interpreted as a roff request. Thanks to Eric
S. Raymond for pushing to fix this.<alt>M: /trunk/xsl/manpages/table.xsl; M: /trunk/xsl/manpages/synop.xsl; M: /trunk/xsl/manpages/block.xsl; M: /trunk/xsl/manpages/info.xsl; M: /trunk/xsl/manpages/lists.xsl; M: /trunk/xsl/manpages/refentry.xsl; M: /trunk/xsl/manpages/links.xsl; M: /trunk/xsl/manpages/other.xsl; M: /trunk/xsl/manpages/utility.xsl - Michael(tm) Smith</alt></phrase></literallayout>
</listitem>
<listitem>
<literallayout><phrase role="commit-message">This is a first attempt at ensuring that list content nested in
<tag>itemizedlist</tag> and <tag>orderedlist</tag> instances is properly indented. This
is a switch from using .TP to format those lists to using .RS/.RE
to format them instead (because .TP does not allow nesting). This
probably breaks something else and therefore will likely need some
refinement after more testing. Closes bug #1602616. Thanks to
Daniel Leidert.<alt>M: /trunk/xsl/manpages/lists.xsl - Michael(tm) Smith</alt></phrase></literallayout>
</listitem>
<listitem>
<literallayout><phrase role="commit-message">Fix bug: change &lt;text&gt; to &lt;xsl:text&gt;<alt>M: /trunk/xsl/manpages/synop.xsl - Robert Stayton</alt></phrase></literallayout>
</listitem>
<listitem>
<literallayout><phrase role="commit-message">Fixed two element name typos.<alt>M: /trunk/xsl/manpages/utility.xsl - Robert Stayton</alt></phrase></literallayout>
</listitem>
</itemizedlist>
</sect2><!--end of Manpages changes for 1.72.0-->

<sect2 xml:id="V1.72.0_Params">
<title>Params</title>
<para>The following changes have been made to the
            <filename>params</filename> code
            since the 1.71.1 release.</para>
<itemizedlist>
<listitem>
<literallayout><phrase role="commit-message">Repaired bizarro-superman talk.<alt>M: /trunk/xsl/params/man.output.lang.in.name.enabled.xml - Michael(tm) Smith</alt></phrase></literallayout>
</listitem>
<listitem>
<literallayout><phrase role="commit-message">Added doc for <parameter>man.output.lang.in.name.enabled</parameter> parameter. This
checkin completes support for writing file/pathnames for man-pages
with $lang include in the names. Closes #1585967. knightly
accolades to Daniel Leidert for providing the feature request.<alt>A: /trunk/xsl/params/man.output.lang.in.name.enabled.xml - Michael(tm) Smith</alt></phrase></literallayout>
</listitem>
<listitem>
<literallayout><phrase role="commit-message">Use "\e" instead of "\\" for backslash output, because the
groff docs say that's the correct thing to do; also because
testing (thanks, Paul Dubois) shows that "\\" doesn't always
work as expected; for example, "\\" within a <tag>table</tag> seems to
mess things up.<alt>M: /trunk/xsl/params/man.string.subst.map.xml - Michael(tm) Smith</alt></phrase></literallayout>
</listitem>
<listitem>
<literallayout><phrase role="commit-message">Added the <parameter>man.string.subst.map.local.pre</parameter> and
<parameter>man.string.subst.map.local.post</parameter> parameters. Those parameters
enable local additions and changes to string-substitution mappings
without the need to change the value of <parameter>man.string.subst.map</parameter>
parameter (which is for standard system mappings). Closes
#1456738. Thanks to Sam Steingold for constructing a true
stylesheet torture test (the clisp docs) that exposed the need for
these params.<alt>A: /trunk/xsl/params/man.string.subst.map.local.post.xml; A: /trunk/xsl/params/man.string.subst.map.local.pre.xml; M: /trunk/xsl/params/man.string.subst.map.xml - Michael(tm) Smith</alt></phrase></literallayout>
</listitem>
<listitem>
<literallayout><phrase role="commit-message">Use U+2592 as an internal marker for linebreak around <tag>sbr</tag> output
(to prevent the break from getting eaten by some normalization
that the stylesheet does on synopses).
Use U+2580 as an internal marker for no-break space (to work
around a similar issue). Closes bug #1612808. Thanks to Simon
Walter for reporting it (the <tag>sbr</tag> bug).<alt>M: /trunk/xsl/params/man.string.subst.map.xml - Michael(tm) Smith</alt></phrase></literallayout>
</listitem>
<listitem>
<literallayout><phrase role="commit-message">Changed order of string replacements so that backslash is escaped
and replaced after backslash and dot (as it needs to be).<alt>M: /trunk/xsl/params/man.string.subst.map.xml - Michael(tm) Smith</alt></phrase></literallayout>
</listitem>
<listitem>
<literallayout><phrase role="commit-message">Adjusted manpages stylesheet to use U+2593 as the internal
representation for the backslash character within the stylesheet.
This prevents backslashes in source content from getting eaten.
Closes #1609425. Thanks to Paul DuBois for reporting the bug.<alt>M: /trunk/xsl/params/man.string.subst.map.xml - Michael(tm) Smith</alt></phrase></literallayout>
</listitem>
<listitem>
<literallayout><phrase role="commit-message">Changed manpages stylesheet to always output a U+2591 character as
the internal representation of a dash. The string-substitution
map is then used to output a real dash when the final contents are
serialized. Also, made a change that causes dots and dashes in the
top comment to be unescaped.<alt>M: /trunk/xsl/params/man.string.subst.map.xml - Michael(tm) Smith</alt></phrase></literallayout>
</listitem>
<listitem>
<literallayout><phrase role="commit-message">output "\&amp;." instead of just plain "\." (because plain "\." does
not work...)<alt>M: /trunk/xsl/params/man.string.subst.map.xml - Michael(tm) Smith</alt></phrase></literallayout>
</listitem>
<listitem>
<literallayout><phrase role="commit-message">Fixed problem where newlines were dropped before dots.<alt>M: /trunk/xsl/params/man.string.subst.map.xml - Michael(tm) Smith</alt></phrase></literallayout>
</listitem>
<listitem>
<literallayout><phrase role="commit-message">Only escape dot if it actually occurs at the beginning of a line.<alt>M: /trunk/xsl/params/man.string.subst.map.xml - Michael(tm) Smith</alt></phrase></literallayout>
</listitem>
<listitem>
<literallayout><phrase role="commit-message">fixed well-formedness errors<alt>M: /trunk/xsl/params/xep.index.item.properties.xml - Michael(tm) Smith</alt></phrase></literallayout>
</listitem>
<listitem>
<literallayout><phrase role="commit-message">Replaced all dots in roff requests with U+2302 ("house"
character), and added escaping in output for all instances of dot
that are not in roff requests. This fixes the problem case where a
string beginning with a dot (for example, the string ".bashrc")
might occur at the beginning of a line in output, in which case 
would mistakenly get interpreted as a roff request. Thanks to Eric
S. Raymond for pushing to fix this.<alt>M: /trunk/xsl/params/man.string.subst.map.xml - Michael(tm) Smith</alt></phrase></literallayout>
</listitem>
<listitem>
<literallayout><phrase role="commit-message">Add index.page.number.properties by default.<alt>M: /trunk/xsl/params/xep.index.item.properties.xml - Robert Stayton</alt></phrase></literallayout>
</listitem>
<listitem>
<literallayout><phrase role="commit-message">Added to allow customizations of page numbers in indexes.<alt>A: /trunk/xsl/params/index.page.number.properties.xml - Robert Stayton</alt></phrase></literallayout>
</listitem>
<listitem>
<literallayout><phrase role="commit-message">Improved wording.<alt>M: /trunk/xsl/params/glossary.sort.xml - Robert Stayton</alt></phrase></literallayout>
</listitem>
<listitem>
<literallayout><phrase role="commit-message">Move show-destination="replace" property from template to attribute-set
so it can be customized.<alt>M: /trunk/xsl/params/olink.properties.xml - Robert Stayton</alt></phrase></literallayout>
</listitem>
<listitem>
<literallayout><phrase role="commit-message">dd support for sorting <tag>glossary</tag> entries<alt>A: /trunk/xsl/params/glossary.sort.xml - Robert Stayton</alt></phrase></literallayout>
</listitem>
<listitem>
<literallayout><phrase role="commit-message">Improved wording.<alt>M: /trunk/xsl/params/qanda.in.toc.xml - Robert Stayton</alt></phrase></literallayout>
</listitem>
<listitem>
<literallayout><phrase role="commit-message">Add option to include qanda in tables of contents.<alt>A: /trunk/xsl/params/qanda.in.toc.xml - Robert Stayton</alt></phrase></literallayout>
</listitem>
<listitem>
<literallayout><phrase role="commit-message">This is a first attempt at ensuring that list content nested in
<tag>itemizedlist</tag> and <tag>orderedlist</tag> instances is properly indented. This
is a switch from using .TP to format those lists to using .RS/.RE
to format them instead (because .TP does not allow nesting). This
probably breaks something else and therefore will likely need some
refinement after more testing. Closes bug #1602616. Thanks to
Daniel Leidert.<alt>M: /trunk/xsl/params/man.string.subst.map.xml - Michael(tm) Smith</alt></phrase></literallayout>
</listitem>
<listitem>
<literallayout><phrase role="commit-message">Moved all properties to attribute-sets so can be customized more easily.<alt>M: /trunk/xsl/params/verbatim.properties.xml - Robert Stayton</alt></phrase></literallayout>
</listitem>
</itemizedlist>
</sect2><!--end of Params changes for 1.72.0-->

<sect2 xml:id="V1.72.0_Template">
<title>Template</title>
<para>The following changes have been made to the
            <filename>template</filename> code
            since the 1.71.1 release.</para>
<itemizedlist>
<listitem>
<literallayout><phrase role="commit-message">Added workaround for Xalan bug: use for-each and copy instead of copy-of (#1604770).<alt>M: /trunk/xsl/template/titlepage.xsl - Mauritz Jeanson</alt></phrase></literallayout>
</listitem>
</itemizedlist>
</sect2><!--end of Template changes for 1.72.0-->

<sect2 xml:id="V1.72.0_Tools">
<title>Tools</title>
<para>The following changes have been made to the
            <filename>tools</filename> code
            since the 1.71.1 release.</para>
<itemizedlist>
<listitem>
<literallayout><phrase role="commit-message">Updated master makefile to enable docbook5-xsl build and
packaging.<alt>M: /trunk/xsl/tools/make/Makefile.docParam - Michael(tm) Smith</alt></phrase></literallayout>
</listitem>
<listitem>
<literallayout><phrase role="commit-message">Updated automated xsl-param markup system to handle
wordml-&gt;roundtrip name change.<alt>M: /trunk/xsl/tools/xsl/build/xsl-param-link.xsl - Michael(tm) Smith</alt></phrase></literallayout>
</listitem>
<listitem>
<literallayout><phrase role="commit-message">wordml-&gt;roundtrip name change<alt>M: /trunk/xsl/tools/xsl/build/make-xsl-params.xsl - Michael(tm) Smith</alt></phrase></literallayout>
</listitem>
<listitem>
<literallayout><phrase role="commit-message">Replaced all dots in roff requests with U+2302 ("house"
character), and added escaping in output for all instances of dot
that are not in roff requests. This fixes the problem case where a
string beginning with a dot (for example, the string ".bashrc")
might occur at the beginning of a line in output, in which case 
would mistakenly get interpreted as a roff request. Thanks to Eric
S. Raymond for pushing to fix this.<alt>M: /trunk/xsl/tools/xsl/build/html2roff.xsl - Michael(tm) Smith</alt></phrase></literallayout>
</listitem>
</itemizedlist>
</sect2><!--end of Tools changes for 1.72.0-->

<sect2 xml:id="V1.72.0_Roundtrip">
<title>Roundtrip</title>
<para>The following changes have been made to the
            <filename>roundtrip</filename> code
            since the 1.71.1 release.</para>
<itemizedlist>
<listitem>
<literallayout><phrase role="commit-message">wordml-&gt;roundtrip name change<alt>M: /trunk/xsl/roundtrip/param.xweb - Michael(tm) Smith</alt></phrase></literallayout>
</listitem>
<listitem>
<literallayout><phrase role="commit-message">rename to roundtrip, add OpenOffice support<alt>M: /trunk/xsl/roundtrip/docbook-pages.xsl; M: /trunk/xsl/roundtrip/specifications.xml; A: /trunk/xsl/roundtrip/dbk2ooo.xsl; M: /trunk/xsl/roundtrip/docbook.xsl; A: /trunk/xsl/roundtrip/dbk2pages.xsl; M: /trunk/xsl/roundtrip/template.xml; A: /trunk/xsl/roundtrip/dbk2wordml.xsl; A: /trunk/xsl/roundtrip/dbk2wp.xsl; M: /trunk/xsl/roundtrip/template.dot; M: /trunk/xsl/roundtrip/wordml-final.xsl - Steve Ball</alt></phrase></literallayout>
</listitem>
</itemizedlist>
</sect2><!--end of Roundtrip changes for 1.72.0-->

</sect1>
</article>
